{
  "project_info": {
    "project_number": "717760620776",
    "project_id": "mrtouride",
    "storage_bucket": "mrtouride.appspot.com"
  },
  "client": [
    {
      "client_info": {
        "mobilesdk_app_id": "1:717760620776:android:c3b0ae90bb3acc9fda415d",
        "android_client_info": {
          "package_name": "com.example.mrtouride"
        }
      },
      "oauth_client": [
        {
          "client_id": "717760620776-pi88ulmkpat0tif1f7t6oncdgbip9vrb.apps.googleusercontent.com",
          "client_type": 3
        }
      ],
      "api_key": [
        {
          "current_key": "AIzaSyC3sb16eZYsEbnROBMWkJmTUxEOSr-XZ98"
        }
      ],
      "services": {
        "appinvite_service": {
          "other_platform_oauth_client": [
            {
              "client_id": "717760620776-pi88ulmkpat0tif1f7t6oncdgbip9vrb.apps.googleusercontent.com",
              "client_type": 3
            }
          ]
        }
      }
    }
  ],
  "configuration_version": "1"
}